Workbook

Sheet Conversion
A1: 16
B2: orientation | C2: Azimuth of X axis | D2: angolo trigonometrico (Est=0 ; + antiorario) | F2: tilt x | G2: tily y | H2: Tilt E | I2: Tilt N | J2: Modulo
A3: Etna | D3: gradi | E3: radianti
A4: PDN | B4: =Station!D4 -> 1 | C4: =MID(Station!B4,2,3) -> 296 | D4: =(360+90)-C4 -> 154 | E4: =D4*PI()/180 -> 2.687807 | F4: 1 | G4: 1 | H4: =-(F4*COS(E4)-G4*SIN(E4))*B4 -> 1.3371652 | I4: =-(F4*SIN(E4)+G4*COS(E4))*B4 -> 0.4604229 | J4: =SQRT(F4^2+G4^2) -> 1.4142136
A5: CDV | B5: =Station!D5 -> 1 | C5: =MID(Station!B5,2,3) -> 175 | D5: =(C5-90)*-1 -> -85 | E5: =D5*PI()/180 -> -1.4835299 | F5: 1 | G5: 1 | H5: =-(F5*COS(E5)-G5*SIN(E5))*B5 -> -1.0833504 | I5: =-(F5*SIN(E5)+G5*COS(E5))*B5 -> 0.90903896 | J5: =SQRT(F5^2+G5^2) -> 1.4142136
A6: MDZ | B6: =Station!D6 -> 1 | C6: =MID(Station!B6,2,2) -> 88 | D6: =90-C6 -> 2 | E6: =D6*PI()/180 -> 0.034906585 | F6: 1 | G6: 1 | H6: =-(F6*COS(E6)-G6*SIN(E6))*B6 -> -0.96449133 | I6: =-(F6*SIN(E6)+G6*COS(E6))*B6 -> -1.0342903 | J6: =SQRT(F6^2+G6^2) -> 1.4142136
A7: DAM | B7: =Station!D7 -> 1 | C7: 70 | D7: =(90-C7) -> 20 | E7: =D7*PI()/180 -> 0.34906585 | F7: 1 | G7: 1 | H7: =-(F7*COS(E7)-G7*SIN(E7))*B7 -> -0.59767248 | I7: =-(F7*SIN(E7)+G7*COS(E7))*B7 -> -1.2817128 | J7: =SQRT(F7^2+G7^2) -> 1.4142136
A8: MNR | B8: =Station!D8 -> -1 | C8: =MID(Station!B8,2,3) -> 204 | D8: =90-C8 -> -114 | E8: =D8*PI()/180 -> -1.9896753 | F8: 1 | G8: 1 | H8: =-(F8*COS(E8)-G8*SIN(E8))*B8 -> 0.50680881 | I8: =-(F8*SIN(E8)+G8*COS(E8))*B8 -> -1.3202821 | J8: =SQRT(F8^2+G8^2) -> 1.4142136
A9: MEG | B9: =Station!D9 -> -1 | C9: =MID(Station!B9,2,3) -> 096 | D9: =(360+90)-C9 -> 354 | E9: =D9*PI()/180 -> 6.1784656 | F9: 1 | G9: 1 | H9: =-(F9*COS(E9)-G9*SIN(E9))*B9 -> 1.0990504 | I9: =-(F9*SIN(E9)+G9*COS(E9))*B9 -> 0.88999343 | J9: =SQRT(F9^2+G9^2) -> 1.4142136
A10: PLC | B10: =Station!D10 -> 1 | C10: =MID(Station!B10,2,3) -> 314 | D10: =(360+90)-C10 -> 136 | E10: =D10*PI()/180 -> 2.3736478 | F10: 1 | G10: 1 | H10: =-(F10*COS(E10)-G10*SIN(E10))*B10 -> 1.4139982 | I10: =-(F10*SIN(E10)+G10*COS(E10))*B10 -> 0.02468143 | J10: =SQRT(F10^2+G10^2) -> 1.4142136
A11: MMT | B11: =Station!D11 -> 1 | C11: =MID(Station!B11,2,3) -> 330 | D11: =(360+90)-C11 -> 120 | E11: =D11*PI()/180 -> 2.0943951 | F11: 1 | G11: 1 | H11: =-(F11*COS(E11)-G11*SIN(E11))*B11 -> 1.3660254 | I11: =-(F11*SIN(E11)+G11*COS(E11))*B11 -> -0.3660254 | J11: =SQRT(F11^2+G11^2) -> 1.4142136
A12: CBD | B12: =Station!D12 -> 1 | C12: =MID(Station!B12,2,3) -> 220 | D12: =(90-C12) -> -130 | E12: =D12*PI()/180 -> -2.268928 | F12: 1 | G12: 1 | H12: =-(F12*COS(E12)-G12*SIN(E12))*B12 -> -0.12325683 | I12: =-(F12*SIN(E12)+G12*COS(E12))*B12 -> 1.4088321 | J12: =SQRT(F12^2+G12^2) -> 1.4142136
A13: ECP | B13: =Station!D13 -> 1 | C13: =MID(Station!B13,2,3) -> 194 | D13: =(90-C13) -> -104 | E13: =D13*PI()/180 -> -1.8151424 | F13: 1 | G13: 1 | H13: =-(F13*COS(E13)-G13*SIN(E13))*B13 -> -0.72837383 | I13: =-(F13*SIN(E13)+G13*COS(E13))*B13 -> 1.2122176 | J13: =SQRT(F13^2+G13^2) -> 1.4142136
A14: MCN | B14: =Station!D14 -> 1 | C14: =MID(Station!B14,2,2) -> 51 | D14: =90-C14 -> 39 | E14: =D14*PI()/180 -> 0.68067841 | F14: 1 | G14: 1 | H14: =-(F14*COS(E14)-G14*SIN(E14))*B14 -> -0.14782557 | I14: =-(F14*SIN(E14)+G14*COS(E14))*B14 -> -1.4064664 | J14: =SQRT(F14^2+G14^2) -> 1.4142136
A15: MGL | B15: =Station!D15 -> 1 | C15: =MID(Station!B15,2,3) -> 249 | D15: =(90-C15) -> -159 | E15: =D15*PI()/180 -> -2.7750735 | F15: 1 | G15: 1 | H15: =-(F15*COS(E15)-G15*SIN(E15))*B15 -> 0.57521248 | I15: =-(F15*SIN(E15)+G15*COS(E15))*B15 -> 1.2919484 | J15: =SQRT(F15^2+G15^2) -> 1.4142136
A16: MSP | B16: =Station!D16 -> 1 | C16: =MID(Station!B16,2,2) -> 54 | D16: =90-C16 -> 36 | E16: =D16*PI()/180 -> 0.62831853 | F16: 1 | G16: 1 | H16: =-(F16*COS(E16)-G16*SIN(E16))*B16 -> -0.22123174 | I16: =-(F16*SIN(E16)+G16*COS(E16))*B16 -> -1.3968022 | J16: =SQRT(F16^2+G16^2) -> 1.4142136
A17: EC1 | B17: =Station!D17 -> 1 | C17: =MID(Station!B17,2,3) -> 122 | D17: =(C17-90)*-1 -> -32 | E17: =D17*PI()/180 -> -0.55850536 | F17: 1 | G17: 1 | H17: =-(F17*COS(E17)-G17*SIN(E17))*B17 -> -1.3779674 | I17: =-(F17*SIN(E17)+G17*COS(E17))*B17 -> -0.31812883 | J17: =SQRT(F17^2+G17^2) -> 1.4142136
A18: EMAS | B18: 1 | C18: 273 | D18: =(C18-90)*-1 -> -183 | E18: =D18*PI()/180 -> -3.1939525 | F18: 1 | G18: 1 | H18: =-(F18*COS(E18)-G18*SIN(E18))*B18 -> 1.0509655 | I18: =-(F18*SIN(E18)+G18*COS(E18))*B18 -> 0.94629358 | J18: =SQRT(F18^2+G18^2) -> 1.4142136

Sheet Station
B2: Tilt X | C2: Tilt Y | D2: orientation | F2: sampling period
A3: Station Names
A4: PDN | B4: N296°E | C4: N206°E | D4: 1 | F4: 1 min
A5: CDV | B5: N175°E | C5: N85°E | D5: 1 | F5: 1 min
A6: MDZ | B6: N88°E | C6: N358°E | D6: 1 | F6: 1 min
A7: DAM | B7: N201°E | C7: N111°E | D7: 1 | F7: 1 min
A8: MNR | B8: N204°E | C8: N114°E | D8: -1 | F8: 10 min
A9: MEG | B9: N096°E | C9: N006°E | D9: -1 | F9: 10 min
A10: PLC | B10: N314.5°E | C10: N224.5°E | D10: 1 | F10: 1 min
A11: MMT | B11: N330°E | C11: N240°E | D11: 1 | F11: 1 min
A12: CBD | B12: N220°E | C12: N130°E | D12: 1 | F12: 1 min
A13: ECP | B13: N194°E | C13: N104°E | D13: 1 | F13: 1 min
A14: MCN | B14: N51°E | C14: N321°E | D14: 1 | F14: 1 min
A15: MGL | B15: N249.5°E | C15: N159.5°E | D15: 1 | F15: 15 min
... A17: EC10 | B17: N122°E | C17: N32°E | D17: 1 | F17: 1 min
